Symbol,Name,Last Sale,Net Change,% Change,Market Cap,Country,IPO Year,Volume,Sector,Industry,p_e,p_b,p_cash
AAOI,Applied Optoelectronics Inc. Common Stock,$31.14,-1.81,-5.49%,1941698764.0,United States,2013.0,3988667,Technology,Semiconductors,3.422564478670089e-07,5.300713557594292,-2.341664374751938e-07
ABP,Abpro Holdings Inc Common Stock,$0.188,-0.0219,-10.43%,15071333.0,United States,2022.0,2171342,Health Care,Biotechnology: Pharmaceutical Preparations,1.4246153846153847e-07,-0.023428209993674887,-2.339269925476822e-08
ABTC,American Bitcoin Corp. Class A Common Stock,$5.03,-0.56,-10.02%,4570198344.0,United States,2018.0,3011846,Technology,EDP Services,2.01312772840049e-07,1.1603910209992758,-9.23045907493808e-08
ACDC,ProFrac Holding Corp. Class A Common Stock,$3.73,-0.02,-0.53%,597845090.0,United States,2022.0,1682155,Energy,Oilfield Services/Equipment,1.1249590029517875e-08,1.2552607502287283,2.1861057998725303e-08
ACON,Aclarion Inc. Common Stock,$8.70,-0.4,-4.40%,5066628.0,United States,2022.0,59856,Health Care,Medical Specialities,-0.00059826485118689,0.40753508987934006,-1.5625720407867495e-06
ACONW,Aclarion Inc. Warrant,$0.0505,-0.0048,-8.68%,29410.0,United States,2022.0,18574,Health Care,Medical Specialities,-0.0,0.0,-0.0
ADAP,Adaptimmune Therapeutics plc American Depositary Shares,$0.1952,0.0111,6.03%,51738071.0,United Kingdom,2015.0,175274839,Health Care,Biotechnology: Biological Products (No Diagnostic Substances),-0.0,-0.0,-0.0
ADGM,Adagio Medical Holdings Inc Common Stock,$1.48,0.11,8.03%,22764716.0,United States,,364170,Health Care,Medical/Dental Instruments,-5.027460920997042e-07,2.113676731793961,-4.305043050430504e-08
ADTX,Aditxt Inc. Common Stock,$0.4216,-0.0859,-16.93%,2098116.0,United States,2020.0,3064235,Health Care,Biotechnology: Pharmaceutical Preparations,-2.0862163947833233e-07,0.00023908237494277865,-4.874069006379016e-09
ADVM,Adverum Biotechnologies Inc. Common Stock,$4.56,0.08,1.79%,95687774.0,United States,2014.0,174454,Health Care,Biotechnology: Biological Products (No Diagnostic Substances),-4.4878708663144616e-08,-5.093360995850623,-3.750639747614792e-08
AEYE,AudioEye Inc. Common Stock,$13.29,-0.825,-5.85%,164897655.0,United States,,123796,Technology,Computer Software: Prepackaged Software,6.637153523406785e-07,33.9932318104907,6.108239586500456e-06
AI,C3.ai Inc. Class A Common Stock,$18.06,-1.21,-6.28%,2489565510.0,United States,2020.0,8140862,Technology,Computer Software: Prepackaged Software,8.208774421318046e-08,2.955285249271886,-2.0787139689578713e-07
AKAN,Akanda Corp. Common Shares,$2.23,-0.12,-5.11%,1624084.0,United Kingdom,2022.0,9606404,Health Care, Medicinal Chemicals and Botanical Products ,1.0125634651745352e-05,0.4654754026031325,-1.1961525837179256e-06
ALAB,Astera Labs Inc. Common Stock,$163.55,2.085,1.29%,27185140347.0,United States,2024.0,6249650,Technology,Semiconductors,4.602896492616052e-07,30.80491731303966,8.450664914647522e-07
AMD,Advanced Micro Devices Inc. Common Stock,$234.56,-4.04,-1.69%,380654000000.0,United States,,69726437,Technology,Semiconductors,1.6853300047339307e-08,6.914503194236782,5.215296083383873e-08
AMKR,Amkor Technology Inc. Common Stock,$31.50,0.22,0.70%,7785006233.0,United States,1998.0,3730031,Technology,Semiconductors,4.450544402076538e-08,2.2233059842790754,3.9191531163018066e-08
AMPG,Amplitech Group Inc. Common Stock,$3.82,-0.41,-9.69%,78591133.0,United States,,874316,Telecommunications,Telecommunications Equipment,1.2235344629337188e-06,2.527283170591614,-6.145693440240465e-07
APLM,Apollomics Inc. Class A Ordinary Shares,$31.98,12.48,64.00%,35285069.0,United States,,273376,Health Care,Biotechnology: Pharmaceutical Preparations,7.065656565656566e-05,3.171616413511676,-4.867272031451136e-07
APVO,Aptevo Therapeutics Inc. Common Stock,$1.50,-0.07,-4.46%,4931877.0,United States,,1082172,Health Care,Biotechnology: Pharmaceutical Preparations,6.666666666666667e-06,0.958971824023727,-7.87050184591667e-08
ARDX,Ardelyx Inc. Common Stock,$5.05,-0.08,-1.56%,1216963281.0,United States,2014.0,2738584,Health Care,Biotechnology: Pharmaceutical Preparations,2.5387587855102444e-08,11.952755905511811,-1.4154110099955243e-07
AREC,American Resources Corporation Class A Common Stock,$4.25,-0.76,-15.17%,359587910.0,United States,,19025539,Energy,Coal Mining,-7.018804281088462e-06,-5.125581395348838,-3.0944993841328447e-07
ARQQ,Arqit Quantum Inc. Ordinary Shares,$39.56,-13.91,-26.02%,494658596.0,United Kingdom,,3037604,Technology,Computer Software: Prepackaged Software,-7.150280898876403e-05,42.962025316455694,-2.125944794755084e-06
ASNS,Actelis Networks Inc. Common Stock,$0.5358,-0.0511,-8.71%,6050315.0,United States,2022.0,919548,Telecommunications,Telecommunications Equipment,2.4896733007885844e-07,6.196261682242991,-8.930495689655173e-08
ASST,Strive Inc. Class A Common Stock,$0.90,-0.0599,-6.24%,571806261.0,United States,2023.0,45584502,Technology,Computer Software: Prepackaged Software,-4.398613426718612e-07,-13.366336633663366,-5.9216598614366686e-08
ATYR,aTyr Pharma Inc. Common Stock,$1.00,-0.02,-1.96%,97986634.0,United States,2015.0,9344274,Health Care,Biotechnology: Biological Products (No Diagnostic Substances),-2.0467243191414823e-08,1.3771712158808933,-1.996259261923603e-08
AUUD,Auddia Inc. Common Stock,$2.07,0.02,0.98%,2375704.0,United States,2021.0,37562343,Technology,EDP Services,-7.865158263446219e-06,0.3922462941847207,-3.4621780199602615e-07
AVGO,Broadcom Inc. Common Stock,$354.15,2.82,0.80%,1672430000000.0,United States,2009.0,20317222,Technology,Semiconductors,7.94093516769567e-09,6.202191790074467,1.4439028734073816e-08
AXSM,Axsome Therapeutics Inc. Common Stock,$125.00,-4.58,-3.53%,6237685875.0,United States,2015.0,495705,Health Care,Biotechnology: Pharmaceutical Preparations,2.929479233370875e-07,90.42944785276073,-1.0997173197602606e-06
AXTI,AXT Inc Common Stock,$4.93,0.34,7.41%,227395930.0,United States,1998.0,1924180,Technology,Semiconductors,9.453413732736822e-07,2.2505209539245197,-8.05235688841024e-07
BBAI,BigBear.ai Inc. Common Stock,$7.70,-0.82,-9.62%,2854414625.0,United States,2021.0,96101550,Technology,Computer Software: Prepackaged Software,1.5748031496062992e-07,9.307479224376731,-2.467503855474774e-07
BCDA,BioCardia Inc. Common Stock,$1.45,-0.11,-7.05%,8411775.0,United States,,160561,Health Care,Biotechnology: Biological Products (No Diagnostic Substances),-3.3752860411899314e-07,-5.160349854227405,-2.0944266950656728e-07
BCRX,BioCryst Pharmaceuticals Inc. Common Stock,$6.72,-0.09,-1.32%,1410665290.0,United States,1994.0,10483788,Health Care,Biotechnology: Biological Products (No Diagnostic Substances),2.1503230459720397e-08,-3.9691235059760954,4.739251947434144e-07
BDSX,Biodesix Inc. Common Stock,$6.95,-0.47,-6.33%,55600000.0,United States,2020.0,55562,Health Care,Medical Specialities,1.449395532412398e-07,56.38709677419355,-2.9194642081704915e-07
BE,Bloom Energy Corporation Class A Common Stock,$115.09,-1.49,-1.28%,26930826367.0,United States,2018.0,13381977,Energy,Industrial Machinery/Components,2.492846008296192e-07,51.14006514657981,7.845467063474438e-07
BFLY,Butterfly Network Inc. Class A Common Stock,$2.24,-0.12,-5.09%,563900042.0,United States,2020.0,5197788,Health Care,Medical Electronics,8.026563480443421e-08,3.8042131350681534,-1.2353627620618889e-07
BFRG,Bullfrog AI Holdings Inc. Common Stock,$1.47,-0.06,-3.92%,14819570.0,United States,2023.0,168439,Health Care,Biotechnology: Pharmaceutical Preparations,0.00024072370438515793,6.916299559471366,-2.7504301707824434e-07
BIAF,bioAffinity Technologies Inc. Common Stock,$3.41,0.7,25.83%,4562679.0,United States,2022.0,20497530,Health Care,Biotechnology: Commercial Physical & Biological Resarch,1.3206797970424618e-06,-1.3324538258575196,-3.9476893379555603e-07
BKSY,BlackSky Technology Inc. Class A Common Stock,$26.06,-5.57,-17.61%,924205261.0,United States,2019.0,2878847,Technology,Radio And Television Broadcasting And Communications Equipment,2.8894298597471577e-07,8.33932135728543,1.0889850388364698e-06
BKYI,BIO-key International Inc. Common Stock,$0.7334,-0.0157,-2.10%,5033893.0,United States,,50071,Technology,Computer Software: Prepackaged Software,1.816360294117647e-07,0.9881,-2.818421598333991e-07
BLBX,Blackboxstocks Inc. Common Stock,$10.69,-2.72,-20.28%,40510749.0,United States,,962192,Technology,EDP Services,1.0281994600623725e-05,8.011599005799502,-3.616136119291357e-06
BNAI,Brand Engagement Network Inc. Common Stock,$0.4142,-0.0049,-1.17%,18589625.0,United States,2021.0,2551977,Technology,EDP Services,-0.0,0.0,-0.0
BNZI,Banzai International Inc. Class A Common Stock,$2.75,-0.33,-10.71%,9509673.0,United States,2021.0,469164,Technology,Computer Software: Prepackaged Software,3.622440951764891e-07,2.032967032967033,-1.7517240278506534e-07
BNZIW,Banzai International Inc. Warrant,$0.0245,-0.0099,-28.78%,84723.0,United States,2021.0,13730,Technology,Computer Software: Prepackaged Software,0.0,0.0,-0.0
BRN,Barnwell Industries Inc. Common Stock,$1.23,-0.05,-3.91%,12390447.0,United States,1965.0,7070,Energy,Oil & Gas Production,2.824360105913504e-07,1.5023474178403757,-1.596009975062344e-06
BTAI,BioXcel Therapeutics Inc. Common Stock,$2.46,-0.22,-8.21%,35809588.0,United States,2018.0,1102280,Health Care,Biotechnology: Pharmaceutical Preparations,-1.6414342629482073e-06,-0.1266601082144614,-3.694073343495024e-08
BTU,Peabody Energy Corporation Common Stock ,$33.15,0.22,0.67%,4031040000.0,United States,2017.0,4944309,Energy,Coal Mining,5.080174927113702e-08,0.9585367530770817,7.243439854507665e-08
BYND,Beyond Meat Inc. Common Stock,$0.52,-0.1501,-22.40%,39855983.0,United States,2019.0,174262368,Consumer Staples,Packaged Foods,4.212990052662376e-08,-0.16291435682769542,-1.3048915308914947e-08
CAPR,Capricor Therapeutics Inc. Common Stock,$6.16,-0.53,-7.92%,281616566.0,United States,,1320833,Health Care,Biotechnology: Pharmaceutical Preparations,-1.4758921545577998e-07,3.466898954703833,-1.5020416444442498e-07
CCCC,C4 Therapeutics Inc. Common Stock,$2.48,0.26,11.71%,176503621.0,United States,2020.0,10778677,Health Care,Biotechnology: Biological Products (No Diagnostic Substances),-3.849844087311106e-08,1.3096695226438189,-3.672474744585674e-08
CCCS,CCC Intelligent Solutions Holdings Inc. Common Stock,$8.76,-0.52,-5.60%,5693505542.0,United States,,5984995,Technology,Computer Software: Prepackaged Software,1.2174197703239225e-08,2.850197508356123,3.0261969286359535e-08
CCRD,CoreCard Corporation Common Stock,$26.75,0.1,0.38%,208446219.0,United States,1986.0,45928,Technology,Computer Software: Prepackaged Software,0.0,0.0,0.0
CDTX,Cidara Therapeutics Inc. Common Stock,$102.02,-3.6,-3.41%,2587028363.0,United States,2015.0,713669,Health Care,Biotechnology: Biological Products (No Diagnostic Substances),-1.244205298013245e-06,6.271210013908206,-1.04844210199969e-06
CETX,Cemtrex Inc. Common Stock,$5.32,-0.35,-6.17%,3931411.0,United States,,151486,Technology,Electrical Products,1.5235940730971682e-07,0.31086794329768713,3.2511887971836903e-06
CFLT,Confluent Inc. Class A Common Stock,$22.53,-0.23,-1.01%,7767085069.0,United States,2021.0,4681752,Technology,Computer Software: Prepackaged Software,3.061779523415637e-08,7.896875,4.4045108326216163e-07
CHTR,Charter Communications Inc. Class A Common Stock New,$255.34,-9.22,-3.49%,34877142110.0,United States,,2011615,Telecommunications,Cable & Other Pay Television Services,8.003942744824653e-09,2.0550198668792548,1.5441176470588234e-08
CING,Cingulate Inc. Common Stock,$3.80,-0.2,-5.00%,20567587.0,United States,2021.0,397642,Health Care,Biotechnology: Pharmaceutical Preparations,-4.419164493286615e-07,4.188110026619343,-2.717872302151852e-07
CIVI,Civitas Resources Inc. Common Stock,$27.98,-0.54,-1.89%,2592627052.0,United States,2017.0,2132268,Energy,Oil & Gas Production,8.468402527764785e-09,0.394019516981955,1.0666999359959376e-08
CLNN,Clene Inc. Common Stock,$8.25,-0.64,-7.20%,82422186.0,United States,,36564,Health Care,Biotechnology: Pharmaceutical Preparations,5.739130434782608e-05,-14.601769911504423,-7.48172079578303e-07
CLNNW,Clene Inc. Warrant,$0.012,0.0018,17.65%,119887.0,United States,,49094,Health Care,Biotechnology: Pharmaceutical Preparations,0.0,-0.0,-0.0
CLPT,ClearPoint Neuro Inc. Common Stock,$25.28,0.45,1.81%,718645102.0,United States,,708472,Health Care,Medical/Dental Instruments,9.858599793072868e-07,28.791366906474824,-1.7920472864051587e-06
COCH,Envoy Medical Inc. Class A Common Stock,$0.85,-0.06,-6.59%,18292792.0,United States,2021.0,1218573,Health Care,Industrial Specialties,-1.3402061855670104e-06,-0.5623648161499639,-4.9059689288634504e-08
CODX,Co-Diagnostics Inc. Common Stock,$0.3501,-0.0335,-8.73%,13487106.0,United States,2017.0,1823675,Health Care,Medical/Dental Instruments,1.3738848663852313e-06,0.48029903254177664,-1.6806409246190232e-08
COHR,Coherent Corp. Common Stock,$115.96,5.55,5.03%,18067202765.0,United States,,3368319,Technology,Electronic Components,6.519640632003279e-08,3.6964669569530946,2.1169507575757576e-07
COMM,CommScope Holding Company Inc. Common Stock,$15.49,-0.05,-0.32%,3431433201.0,United States,2013.0,3498255,Technology,Radio And Television Broadcasting And Communications Equipment,8.350951128568402e-09,-1.7167422524565383,5.687010954616589e-08
CPIX,Cumberland Pharmaceuticals Inc. Common Stock,$3.45,0.01,0.29%,51611783.0,United States,2009.0,22450,Health Care,Biotechnology: Pharmaceutical Preparations,9.650427007339759e-08,1.822554783538215,4.787685791341983e-07
CRBP,Corbus Pharmaceuticals Holdings Inc. Common Stock,$19.05,1.55,8.86%,233462036.0,United States,,541695,Health Care,Biotechnology: Pharmaceutical Preparations,-2.7546406473108047e-07,1.5336204041073203,-2.398798010500138e-07
CRBU,Caribou Biosciences Inc. Common Stock,$2.67,-0.17,-5.99%,248639048.0,United States,2021.0,951226,Health Care,Biotechnology: Biological Products (No Diagnostic Substances),-2.9700574822922838e-08,1.9955156950672646,-2.674399386991601e-08
CRDO,Credo Technology Group Holding Ltd Ordinary Shares,$136.53,5.12,3.90%,23619088585.0,United States,2022.0,4884534,Technology,Semiconductors,5.980141354874725e-07,52.40318654569595,1.8722082111205104e-06
CRMD,CorMedix Inc. Common Stock,$10.08,-0.53,-5.00%,752461839.0,United States,,2291641,Health Care,Biotechnology: Pharmaceutical Preparations,1.2396355278715865e-07,4.869800473452824,4.7269103069425775e-07
CRNC,Cerence Inc. Common Stock,$11.71,-0.36,-2.98%,507273113.0,United States,,1878787,Technology,Computer Software: Prepackaged Software,8.090280171918453e-08,3.9132851584213455,2.581780842012616e-07
CRWV,CoreWeave Inc. Class A Common Stock,$141.74,2.5,1.80%,69250250275.0,United States,2025.0,36104180,Technology,Computer Software: Prepackaged Software,5.145808145916525e-08,24.811753902662993,2.1179831828560889e-07
CSAI,Cloudastructure Inc. Class A Common Stock,$1.53,0.13,9.29%,27599173.0,United States,,5935632,Technology,Computer Software: Programming Data Processing,1.6420845624385448e-06,3.6462882096069866,-3.145601808250141e-07
CXAI,CXApp Inc. Class A Common Stock,$0.7618,-0.0621,-7.54%,17852961.0,United States,2021.0,1312292,Technology,EDP Services,1.7706241386099625e-07,1.3482758620689654,-1.027067153951576e-07
CYCU,Cycurion Inc. Common Stock,$0.2405,-0.0206,-7.89%,12367962.0,United States,2025.0,89944081,Technology,EDP Services,1.0637069179029112e-06,0.3244073327574623,-4.953113940671073e-07
CYCUW,Cycurion Inc. Warrant,$0.0501,0.0007,1.42%,2576444.0,United States,2025.0,145371,Technology,EDP Services,1.8190017708517237e-08,0.005547557347154237,-8.470117922212663e-09
CYH,Community Health Systems Inc. Common Stock,$3.06,-0.02,-0.65%,428764495.0,United States,2000.0,2384914,Health Care,Hospital/Nursing Management,7.095678686991943e-10,-0.33490692081589024,7.626774847870182e-09
DHAI,DIH Holdings US Inc. Class A Common Stock,$0.136,-0.0516,-27.51%,6437737.0,United States,2024.0,4479270,Health Care,Medical/Dental Instruments,0.0,-0.0,-0.0
DJT,Trump Media & Technology Group Corp. Common Stock,$15.78,-0.49,-3.01%,4372123509.0,United States,2024.0,6234689,Technology,Computer Software: Programming Data Processing,5.924849817425105e-06,1.8310884601383328,-4.0065740738282295e-07
DNUT,Krispy Kreme Inc. Common Stock,$3.34,0.04,1.21%,571808000.0,United States,2021.0,4237069,Consumer Staples,Food Chains,1.2688165494280174e-08,1.1239832388464381,-1.976592977893368e-07
DOMH,Dominari Holdings Inc. Common Stock,$5.76,-0.3,-4.95%,88234203.0,United States,,242364,Health Care,Biotechnology: Pharmaceutical Preparations,9.789627161008123e-08,0.8997563522450399,-7.332293291731669e-07
DTIL,Precision BioSciences Inc. Common Stock,$6.64,0.14,2.15%,78265620.0,United States,2019.0,564152,Health Care,Biotechnology: Biological Products (No Diagnostic Substances),6.542426645519429e-06,2.819548872180451,-1.2907162301699052e-07
DUOL,Duolingo Inc. Class A Common Stock,$330.56,-10.52,-3.08%,15146889578.0,United States,2021.0,1845225,Technology,Computer Software: Prepackaged Software,4.2774528738160746e-07,12.783166971273255,8.120458520895543e-07
DUOT,Duos Technologies Group Inc. Common Stock,$8.15,-0.74,-8.32%,158226545.0,United States,,358415,Technology,Computer Software: Prepackaged Software,3.907343643421138e-06,34.81770833333333,-1.8010518034765553e-06
DVLT,Datavault AI Inc. Common Stock,$1.82,-0.28,-13.33%,177800121.0,United States,2018.0,31476136,Technology,Semiconductors,4.7644927536231886e-06,3.0760233918128654,-1.2340465465465464e-07
DXCM,DexCom Inc. Common Stock,$66.33,0.92,1.41%,26011658727.0,United States,2005.0,3956649,Health Care,Medical/Dental Instruments,2.4356473380418122e-08,9.286123032904149,4.4824253459274985e-08
EBS,Emergent BioSolutions Inc. Common Stock,$9.40,-0.2,-2.08%,501500331.0,United States,2006.0,961915,Health Care,Biotechnology: Pharmaceutical Preparations,3.052302888368462e-08,1.061250339274405,9.023076923076923e-07
EDBL,Edible Garden AG Incorporated Common Stock,$1.80,-0.26,-12.62%,5264878.0,United States,2022.0,456759,Consumer Staples,Farming/Seeds/Milling,1.4058171745152353e-06,3.605683836589698,-2.1077769702003945e-07
EGAN,eGain Corporation Common Stock,$13.86,-0.51,-3.55%,372377549.0,United States,1999.0,438563,Technology,Computer Software: Prepackaged Software,2.9592955747645467e-07,6.155652465615566,3.4866045981379446e-06
ELAB,PMGC Holdings Inc. Common Stock,$7.78,0.34,4.57%,5267566.0,United States,2023.0,420974,Health Care,Biotechnology: Pharmaceutical Preparations,-1.7802911299612527e-05,0.3648409069702342,-1.540602257277819e-06
ENPH,Enphase Energy Inc. Common Stock,$37.56,0.02,0.05%,4910998959.0,United States,2012.0,5821062,Technology,Semiconductors,6.569820432251698e-08,4.172803787480274,1.2382294447512245e-07
EOLS,Evolus Inc. Common Stock,$6.30,-0.31,-4.69%,407518140.0,United States,2018.0,834304,Health Care,Biotechnology: Pharmaceutical Preparations,4.295477429997643e-08,-27.750865051903116,-1.9401504705227762e-07
ERNA,Ernexa Therapeutics Inc. Common Stock,$1.25,-0.07,-5.30%,9588611.0,United States,,21585,Health Care,Biotechnology: Pharmaceutical Preparations,3.2664233576642336e-06,3.013468013468014,-1.2407291883274416e-07
EVOK,Evoke Pharma Inc. Common Stock,$4.52,-0.19,-4.03%,7044262.0,United States,2013.0,8956,Health Care,Biotechnology: Pharmaceutical Preparations,5.176719032684753e-07,2.957486136783734,-1.7673386972062795e-06
FBIO,Fortress Biotech Inc. Common Stock,$2.74,-0.08,-2.84%,81528023.0,United States,,728617,Health Care,Biotechnology: Pharmaceutical Preparations,3.476323119777159e-07,2.113821138211382,-3.895666071495462e-08
FCEL,FuelCell Energy Inc. Common Stock,$9.30,-1.41,-13.17%,300347927.0,United States,,4860503,Energy,Industrial Machinery/Components,-3.3572326616602675e-07,0.5266243803635201,-1.0229649417075647e-07
FEMY,Femasys Inc. Common Stock,$0.7454,0.1948,35.38%,24281708.0,United States,2021.0,92251214,Health Care,Medical/Dental Instruments,7.255361534697838e-07,19.37391304347826,-4.531407146321943e-08
FRPT,Freshpet Inc. Common Stock,$53.65,2.1,4.07%,2617040186.0,United States,2014.0,1604377,Consumer Staples,Packaged Foods,1.225623731870444e-07,2.3755120619025947,3.5952935341204995e-07
FSLR,First Solar Inc. Common Stock,$237.79,-6.61,-2.71%,25502418931.0,United States,2006.0,2294203,Technology,Semiconductors,1.3696327837264885e-07,3.2974658683775124,1.7035336193156101e-07
GANX,Gain Therapeutics Inc. Common Stock,$1.81,-0.06,-3.21%,65066977.0,United States,2021.0,715196,Health Care,Biotechnology: Pharmaceutical Preparations,-2.2815718814953857e-07,16.583333333333332,-1.0785118704051465e-07
GBIO,Generation Bio Co. Common Stock,$6.64,-0.07,-1.04%,44724012.0,United States,2020.0,171659,Health Care,Biotechnology: Pharmaceutical Preparations,-2.547435656584633e-07,0.8438083385189795,-8.420372831257219e-08
GDRX,GoodRx Holdings Inc. Class A Common Stock,$3.90,-0.12,-2.99%,1355054977.0,United States,2020.0,3412416,Technology,EDP Services,5.658743031311342e-09,2.299349240780911,2.2245773827637226e-08
GDYN,Grid Dynamics Holdings Inc. Class A Common Stock,$7.66,-0.08,-1.03%,648571848.0,United States,2018.0,803702,Technology,Computer Software: Prepackaged Software,7.797066415537374e-08,1.7596093257718968,2.95721698612729e-07
GPUS,Hyperscale Data Inc. Common Stock,$0.3635,-0.0223,-5.78%,11684508.0,United States,1997.0,53846620,Technology,Industrial Machinery/Components,1.5822185634904303e-08,0.9538461538461538,-3.066858145843306e-08
GSIT,GSI Technology Common Stock,$4.95,-0.36,-6.78%,143998599.0,United States,2007.0,453523,Technology,Semiconductors,9.183147033533964e-07,9.69147005444646,-1.0246570085388085e-06
GTM,ZoomInfo Technologies Inc Common Stock,$10.165,-0.095,-0.93%,3238881909.0,United States,2020.0,5597710,Technology,Computer Software: Prepackaged Software,1.1248719284887776e-08,2.4948368442792237,3.399943709541233e-08
HAIN,Hain Celestial Group Inc. (The) Common Stock,$1.33,-0.05,-3.62%,120089360.0,United States,,1557376,Consumer Staples,Packaged Foods,4.2900938586734395e-09,0.2737122220110245,6.511417589871128e-08
HCTI,Healthcare Triangle Inc. Common Stock,$2.62,-0.16,-5.76%,15279392.0,United States,2021.0,544691,Technology,EDP Services,1.960022209883398e-06,7.415966386554622,-4.259169884169884e-07
HIMS,Hims & Hers Health Inc. Class A Common Stock,$59.15,-3.61,-5.75%,13369058216.0,United States,2019.0,38182441,Health Care,Medical/Nursing Services,3.007862933030067e-08,18.519261637239165,1.7639752092185443e-07
HIND,Vyome Holdings Inc. Common Stock,$5.06,-0.27,-5.07%,13628290.0,United States,2016.0,65236,Health Care,Medical/Dental Instruments,2.0538525893982427e-05,-0.21076679317587235,-6.517619792598399e-06
HNGE,Hinge Health Inc. Class A Common Stock,$50.74,0.33,0.66%,3979804433.0,United States,2025.0,506839,Technology,EDP Services,1.351737042912306e-07,22.78776978417266,5.515470088260581e-07
HOLO,MicroCloud Hologram Inc. Ordinary Shares,$4.42,-0.37,-7.72%,64387537.0,United States,2021.0,1344615,Technology,Computer Software: Programming Data Processing,7.214615282761993e-08,0.02849176481343227,1.189051871656666e-07
HSDT,Solana Company Class A Common Stock (DE),$10.11,-5.81,-36.50%,10891068.0,United States,,2785180,Health Care,Biotechnology: Electromedical & Electrotherapeutic Apparatus,-2.806083650190114e-05,0.8333333333333334,-6.449921342422653e-07
HUSA,Houston American Energy Corporation Common Stock,$5.36,-0.24,-4.29%,181395355.0,United States,,91691,Energy,Oil & Gas Production,-0.00011010516327982921,1.263611615245009,-1.1532298821945654e-06
HYPD,Hyperion DeFi Inc. Common Stock,$6.81,-0.87,-11.33%,38780628.0,United States,2018.0,719784,Health Care,Biotechnology: Pharmaceutical Preparations,-2.395397325557698e-06,0.9928525016244314,-3.830620395045263e-07
IBIO,iBio Inc. Common Stock,$0.8455,-0.004,-0.47%,16617995.0,United States,,346641,Health Care,Biotechnology: Pharmaceutical Preparations,4.375e-06,2.275682704811443,-1.143491897543126e-07
IDAI,T Stamp Inc. Class A Common Stock,$3.38,-0.26,-7.14%,8592940.0,United States,,264814,Technology,Computer Software: Prepackaged Software,2.4477488288233677e-06,5.438775510204082,-7.3425616337792e-07
IDXX,IDEXX Laboratories Inc. Common Stock,$637.34,-1.81,-0.28%,50990191674.0,United States,1991.0,524682,Health Care,Biotechnology: In Vitro & In Vivo Diagnostic Substances,3.1163763994154305e-07,42.54491511455414,8.548821876166251e-07
IMNN,Imunon Inc. Common Stock,$5.06,0.26,5.42%,12757307.0,United States,,99933,Health Care,Biotechnology: Pharmaceutical Preparations,2.0687425132098212e-06,4.179658500371195,-3.9439875311149443e-07
INBX,Inhibrx Biosciences Inc. Common Stock,$36.595,0.655,1.82%,530093981.0,United States,,105092,Health Care,Biotechnology: Biological Products (No Diagnostic Substances),-5.896873400759085e-07,21.387246621621625,-7.2428123042889e-07
INMB,INmune Bio Inc. Common stock,$1.85,-0.08,-4.15%,49182727.0,United States,2019.0,395289,Health Care,Biotechnology: Biological Products (No Diagnostic Substances),3.58e-05,1.87434554973822,-5.839939969332159e-08
INO,Inovio Pharmaceuticals Inc. Common Stock,$2.46,-0.08,-3.15%,130730946.0,United States,,842634,Health Care,Medical/Dental Instruments,-4.1902364782519315e-08,3.346203346203346,-2.7428292106078455e-08
INOD,Innodata Inc. Common Stock,$81.49,-1.49,-1.80%,2595099737.0,United States,1993.0,3792554,Technology,EDP Services,9.56606156769001e-07,33.654058024237976,2.092046388457675e-06
IONQ,IonQ Inc. Common Stock,$65.59,-6.82,-9.42%,19469591040.0,United States,2021.0,35988426,Technology,EDP Services,2.07954068057695e-06,13.785100951496867,-4.118193541230466e-07
IOVA,Iovance Biotherapeutics Inc. Common Stock,$2.24,0.0,0.00%,810552727.0,United States,,11558510,Health Care,Biotechnology: Biological Products (No Diagnostic Substances),4.562447240422881e-08,1.111111111111111,-7.481625917754901e-09
IPDN,Professional Diversity Network Inc. Common Stock,$4.22,0.37,9.61%,10548662.0,United States,2013.0,169925,Technology,Computer Software: Programming Data Processing,1.0945925386533435e-06,1.824782187802517,-1.4998653303940747e-06
IPSC,Century Therapeutics Inc. Common Stock,$0.5568,-0.0128,-2.25%,48101450.0,United States,2021.0,986283,Health Care,Biotechnology: Biological Products (No Diagnostic Substances),1.8666177190406267e-07,0.3136101973684211,-6.645464842728936e-09
IPST,Heritage Distilling Holding Company Inc. Common Stock,$0.61,-0.0594,-8.87%,16005806.0,United States,2024.0,561125,Consumer Staples,Beverages (Production/Distribution),4.2002443332793094e-07,-2.7171806167400883,-6.577459341159955e-08
IRD,Opus Genetics Inc. Common Stock,$2.01,0.01,0.50%,120415191.0,United States,,585272,Health Care,Biotechnology: Pharmaceutical Preparations,-1.6060398078242965e-07,8.013698630136986,-7.351324180830008e-08
IRWD,Ironwood Pharmaceuticals Inc. Class A Common Stock,$1.55,-0.06,-3.73%,251772902.0,United States,2010.0,1213502,Health Care,Biotechnology: Pharmaceutical Preparations,7.3768219575166076e-09,-1.1913547706905638,7.537101884275471e-08
ISPC,iSpecimen Inc. Common Stock,$0.8081,-0.0359,-4.25%,4476345.0,United States,2021.0,586004,Health Care,Biotechnology: Commercial Physical & Biological Resarch,5.289583979405887e-07,4.096385542168675,-1.717120261379373e-07
IVDA,Iveda Solutions Inc. Common Stock,$1.22,-0.16,-11.59%,3546206.0,United States,,478327,Technology,Computer Software: Prepackaged Software,1.1838198462957907e-06,3.1434184675834973,-4.4634787013955066e-07
IVF,INVO Fertility Inc. Common Stock,$1.40,0.646,85.68%,6108222.0,United States,,223013057,Health Care,Medical/Dental Instruments,2.6203491169533903e-07,-0.07345494748479824,-1.0188088615516349e-07
IVP,Inspire Veterinary Partners Inc. Class A Common Stock,$0.9351,-0.0259,-2.70%,3375042.0,United States,2023.0,83488,Consumer Staples,Farming/Seeds/Milling,3.015081720707629e-07,10.359036144578313,-9.285964617645169e-08
IVVD,Invivyd Inc. Common Stock,$1.75,0.0,0.00%,210249919.0,United States,2021.0,4258039,Health Care,Biotechnology: Biological Products (No Diagnostic Substances),5.32888487291768e-08,6.46067415730337,-2.0334547512112316e-08
JANX,Janux Therapeutics Inc. Common Stock,$27.20,-1.08,-3.82%,1634554950.0,United States,2021.0,1356848,Health Care,Biotechnology: Pharmaceutical Preparations,-5.28484598743175e-07,2.1497844827586206,-6.005719733079122e-07
KOPN,Kopin Corporation Common Stock,$3.65,-0.34,-8.52%,594241360.0,United States,1992.0,7514124,Technology,Semiconductors,3.6178052626936283e-07,33.333333333333336,-2.1773275775892283e-07
KPRX,Kiora Pharmaceuticals Inc.  Common Stock,$2.7002,-0.0198,-0.73%,9271112.0,United States,,10388,Health Care,Biotechnology: Pharmaceutical Preparations,-7.797669303533688e-06,0.44996121024049646,-3.6990107314678925e-07
KPTI,Karyopharm Therapeutics Inc. Common Stock,$6.03,0.08,1.35%,52287806.0,United States,2013.0,151435,Health Care,Biotechnology: Pharmaceutical Preparations,4.84582768467507e-08,-0.2432050957258152,-6.527820951196767e-08
KSCP,Knightscope Inc. Class A Common Stock,$5.87,-0.56,-8.71%,59775026.0,United States,2022.0,524409,Telecommunications,Telecommunications Equipment,-1.931748933577087e-06,3.118544023610428,-2.924893891861967e-07
KULR,KULR Technology Group Inc. Common Stock,$4.49,-0.6,-11.79%,184577358.0,United States,,4378767,Technology,Electrical Products,6.936304051478279e-07,1.0667823070251516,-1.2356038754430928e-07
KURA,Kura Oncology Inc. Common Stock,$10.13,-0.16,-1.56%,879255484.0,United States,,1443812,Health Care,Biotechnology: Pharmaceutical Preparations,-1.0519807369090229e-07,3.4318181818181817,9.665005160536696e-08
KZR,Kezar Life Sciences Inc. Common Stock,$4.17,-0.13,-3.02%,30537352.0,United States,2018.0,1740975,Health Care,Biotechnology: Pharmaceutical Preparations,-1.4509114462848154e-07,0.6249003666507253,-1.2192087583976114e-07
LCTX,Lineage Cell Therapeutics Inc. Common Stock,$1.70,-0.11,-6.08%,388205693.0,United States,,1723620,Health Care,Biotechnology: Biological Products (No Diagnostic Substances),-9.321642824180895e-07,9.528301886792454,-8.954694565121022e-08
LDWY,Lendway Inc. Common Stock (DE),$5.04,0.06,1.21%,8918779.0,United States,,6106,Consumer Staples,Farming/Seeds/Milling,0.0,0.0,0.0
LENZ,LENZ Therapeutics Inc. Common Stock,$40.45,-1.4,-3.35%,1153718783.0,United States,2021.0,802854,Health Care,Biotechnology: Biological Products (No Diagnostic Substances),7.398e-06,5.108410440546886,-7.834208742799051e-07
LFVN,Lifevantage Corporation Common Stock (Delaware),$8.97,-0.07,-0.77%,113838351.0,United States,,103585,Health Care,Biotechnology: Pharmaceutical Preparations,5.226879226421874e-08,3.4445640473627557,8.082168715271931e-07
LGVN,Longeveron Inc. Class A Common Stock,$0.8275,-0.0065,-0.78%,12560271.0,United States,2021.0,523142,Health Care,Biotechnology: Pharmaceutical Preparations,6.61764705882353e-07,1.288782816229117,-7.443142660234322e-08
LITE,Lumentum Holdings Inc. Common Stock,$163.23,6.66,4.25%,11409777000.0,United States,,2608211,Telecommunications,Telecommunications Equipment,3.968640706505262e-07,13.234498031496061,1.7034045922406967e-06
LPSN,LivePerson Inc. Common Stock,$5.85,0.07,1.21%,58731695.0,United States,2000.0,481685,Technology,Computer Software: Prepackaged Software,4.4267860737376206e-08,-0.6330103157236636,-6.197398622800306e-07
LPTH,LightPath Technologies Inc. Class A Common Stock,$7.74,-1.94,-20.04%,345747449.0,United States,1996.0,3141090,Technology,Semiconductors,1.0217061723096107e-06,28.434065934065934,-1.2422897019584967e-06
LQDA,Liquidia Corporation Common Stock,$23.18,0.02,0.09%,1995599904.0,United States,2018.0,4002429,Health Care,Biotechnology: Pharmaceutical Preparations,2.1667040107550976e-06,163.89830508474577,-2.4996768773426394e-07
LUCY,Innovative Eyewear Inc. Common Stock,$1.83,-0.07,-3.68%,8371522.0,United States,2022.0,45615,Health Care,Ophthalmic Goods,6.095347864273227e-06,0.8924949290060853,-2.8312228283040953e-07
LUMN,Lumen Technologies Inc. Common Stock,$7.02,-0.25,-3.44%,7203509181.0,United States,,9501118,Telecommunications,Telecommunications Equipment,1.8349237648911164e-09,-9.580419580419582,2.253289473684211e-09
LUNG,Pulmonx Corporation Common Stock,$1.57,-0.04,-2.48%,63972093.0,United States,2020.0,250146,Health Care,Medical/Dental Instruments,3.703031951875699e-08,1.4445754716981134,-7.877306925599641e-08
LXEO,Lexeo Therapeutics Inc. Common Stock,$8.77,-0.06,-0.68%,473590647.0,United States,2023.0,609671,Health Care,Biotechnology: Biological Products (No Diagnostic Substances),-1.585211927091109e-07,4.5625,-1.2286071928219045e-07
LYRA,Lyra Therapeutics Inc. Common Stock,$7.15,-0.37,-4.92%,11757846.0,United States,2020.0,14206,Health Care,Medical/Dental Instruments,-2.825884543761639e-07,6.082164328657315,-1.4113981444881067e-07
MARA,MARA Holdings Inc. Common Stock,$20.265,-2.575,-11.27%,7507328938.0,United States,,63827735,Technology,EDP Services,6.98054609697059e-08,1.7596793708408953,-2.7298045423346956e-08
MDAI,Spectral AI Inc. Class A Common Stock,$2.46,-0.18,-6.82%,65758230.0,United States,2021.0,889793,Health Care,Medical/Dental Instruments,2.108554477671771e-07,-7.387640449438202,-4.3658698539176623e-07
MDB,MongoDB Inc. Class A Common Stock,$314.35,-3.48,-1.10%,25574539315.0,United States,2017.0,1643577,Technology,Computer Software: Prepackaged Software,2.49162599252667e-07,11.076475477971737,1.4805008099256064e-06
MDGL,Madrigal Pharmaceuticals Inc. Common Stock,$442.13,8.68,2.00%,9854641760.0,United States,2007.0,272416,Health Care,Biotechnology: Pharmaceutical Preparations,1.0530408645129057e-06,16.68848376488618,-1.7003185083342217e-06
METC,Ramaco Resources Inc. Class A Common Stock,$49.48,1.635,3.42%,3260591180.0,United States,2017.0,4445552,Energy,Coal Mining,3.754969206368823e-07,4.567777499373591,1.0122154358689618e-06
MLNK,MeridianLink Inc. Common Stock,$20.08,0.07,0.35%,1487813484.0,United States,2021.0,1154023,Technology,Computer Software: Prepackaged Software,0.0,0.0,0.0
MNOV,Medicinova Inc Common Stock,$1.25,0.01,0.81%,61307808.0,United States,,12236,Health Care,Biotechnology: Pharmaceutical Preparations,0.0001063013698630137,2.031413612565445,-1.9296084794555876e-07
MOBX,Mobix Labs Inc. Class A Common Stock,$0.8183,-0.0749,-8.39%,44789109.0,United States,2021.0,1133518,Technology,Semiconductors,1.2307960893854747e-07,88.125,-7.645591584426851e-08
MRNA,Moderna Inc. Common Stock,$27.14,-0.58,-2.09%,10559624605.0,United States,2018.0,7884666,Health Care,Biotechnology: Biological Products (No Diagnostic Substances),-1.2260117878741453e-08,1.115801672047016,-9.996292413705122e-09
MSAI,MultiSensor AI Holdings Inc. Common Stock,$0.5082,-0.0109,-2.10%,17570753.0,United States,2021.0,280089,Technology,Electronic Components,2.003577817531306e-06,7.832167832167833,-1.1349817592217269e-07
MSAIW,MultiSensor AI Holdings Inc. Warrant,$0.053,0.0009,1.73%,1832448.0,United States,2021.0,35647,Technology,Electronic Components,0.0,0.0,-0.0
MSPR,MSP Recovery Inc. Class A Common Stock,$0.9899,-0.0401,-3.89%,1392707.0,United States,2020.0,378842,Technology,EDP Services,1.7911091929218816e-07,-0.0028162992470640927,-4.026975886662462e-08
MSPRW,MSP Recovery Inc. Warrant,$0.0018,0.0,0.00%,2532.0,United States,,24706,Technology,EDP Services,0.0,-0.0,-0.0
MSS,Maison Solutions Inc. Class A Common Stock,$0.7265,-0.0583,-7.43%,14305131.0,United States,2023.0,726563,Consumer Staples,Food Chains,3.6326873373952454e-08,1.7501945525291827,3.985043241440197e-07
MSTR,Strategy Inc Common Stock Class A,$283.84,-12.92,-4.35%,80483668476.0,United States,1998.0,13817949,Technology,Computer Software: Prepackaged Software,7.987652905812162e-07,1.4594991989817192,-4.226833608745392e-06
MTEX,Mannatech Incorporated Common Stock,$8.88,-0.04,-0.45%,16880258.0,United States,,9081,Health Care, Medicinal Chemicals and Botanical Products ,0.0,0.0,-0.0
MU,Micron Technology Inc. Common Stock,$202.53,10.59,5.52%,227333000000.0,United States,,42041348,Technology,Semiconductors,1.6530626037649437e-08,5.092905230450544,1.4029101130180462e-08
MYO,Myomo Inc. Common Stock,$1.08,-0.05,-4.43%,40825156.0,United States,2017.0,1473417,Health Care,Industrial Specialties,3.341295040603998e-08,2.023605150214592,-9.751213757256407e-08
NAGE,Niagen Bioscience Inc. Common Stock,$7.42,-0.08,-1.07%,591766941.0,United States,,1058542,Health Care, Medicinal Chemicals and Botanical Products ,1.3014568748817472e-07,11.962732919254659,4.54009711941917e-07
NAKA,Kindly MD Inc. Common Stock,$0.757,-0.0429,-5.36%,461709778.0,United States,2024.0,18782362,Health Care,Medical/Nursing Services,-4.479516212249078e-07,0.945945945945946,-2.37126517794969e-07
NAOV,NanoVibronix Inc. Common Stock,$6.29,-0.15,-2.33%,5012816.0,United States,,40990,Health Care,Industrial Specialties,8.693333333333332e-06,0.12683097632618126,-1.0671031096563011e-06
NBY,NovaBay Pharmaceuticals Inc. Common Stock,$1.14,0.13,12.87%,6638787.0,United States,2007.0,2105762,Health Care,Biotechnology: Pharmaceutical Preparations,1.7126986576145658e-07,1.5247252747252749,4.118738404452691e-07
NCSM,NCS Multistage Holdings Inc. Common Stock,$38.49,-1.945,-4.81%,97797278.0,United States,2017.0,5578,Energy,Oilfield Services/Equipment,0.0,0.0,0.0
NEUP,Neuphoria Therapeutics Inc. Common Stock,$15.17,-2.07,-12.01%,35764989.0,United States,2021.0,68425,Health Care,Biotechnology: Pharmaceutical Preparations,2.9777408123276935e-07,0.4851639770952629,6.0340027709798135e-05
NINE,Nine Energy Service Inc. Common Stock,$0.5467,-0.0379,-6.48%,23694279.0,United States,2018.0,922324,Energy,Oilfield Services/Equipment,5.5808177302254495e-09,-0.3744871794871795,4.1881138432862576e-08
NKTR,Nektar Therapeutics  Common Stock,$54.96,-1.925,-3.38%,1045260772.0,United States,,500481,Health Care,Biotechnology: Pharmaceutical Preparations,1.096414062250088e-06,-35.26234567901235,-3.7072089124438915e-07
NOTV,Inotiv Inc. Common Stock,$1.37,-0.06,-4.20%,47065324.0,United States,,143258,Health Care,Biotechnology: Commercial Physical & Biological Resarch,1.3317499363813725e-08,0.37514934289127844,-5.786525136370338e-08
NPWR,NET Power Inc. Class A Common Stock,$4.07,-0.78,-16.08%,892238294.0,United States,2021.0,2380585,Energy,Industrial Machinery/Components,-1.1758517189095522e-07,0.48028311425682507,-5.776304988903414e-08
NRT,North European Oil Royality Trust Common Stock,$5.32,-0.03,-0.56%,48893939.0,United States,,60627,Energy,Oil & Gas Production,1.0348998968819276e-06,32.98969072164949,1.0348998968819276e-06
NSSC,NAPCO Security Technologies Inc. Common Stock,$43.19,-0.31,-0.71%,1540000823.0,United States,,315148,Telecommunications,Telecommunications Equipment,4.736754103842711e-07,10.183971241277225,8.99732845106208e-07
NTLA,Intellia Therapeutics Inc. Common Stock,$24.91,-1.02,-3.93%,2674010930.0,United States,2016.0,4936846,Health Care,Biotechnology: In Vitro & In Vivo Diagnostic Substances,-4.281515965292719e-08,2.4414666470328372,-3.960973185788276e-08
NTSK,Netskope Inc. Class A Common Stock,$22.81,-0.05,-0.22%,8715089624.0,United States,2025.0,1060917,Technology,Computer Software: Prepackaged Software,5.869807296680067e-08,-1.6358734959563417,6.29873417721519e-06
NUAI,New Era Energy & Digital Inc. Common Stock,$3.15,-0.2,-5.97%,81835535.0,United States,,24243660,Energy,Oil & Gas Production,1.2257203715838784e-05,-1762.0,-9.833410199869365e-07
NUAIW,New Era Energy & Digital Inc. Warrants,$0.5881,-0.1114,-15.93%,15278565.0,United States,,607864,Energy,Oil & Gas Production,2.7408276186381844e-06,-394.0,-2.198844278517894e-07
NUVB,Nuvation Bio Inc. Class A Common Stock,$3.63,-0.14,-3.71%,1242449981.0,United States,2020.0,6775947,Health Care,Biotechnology: Pharmaceutical Preparations,1.340414769853313e-06,4.862385321100917,-3.1511605783866055e-08
NUWE,Nuwellis Inc. Common Stock,$3.42,-0.05,-1.44%,3087114.0,United States,,64432,Health Care,Biotechnology: Electromedical & Electrotherapeutic Apparatus,7.231006556112611e-07,-0.2206271695005001,-4.3564126394052043e-07
NVAX,Novavax Inc. Common Stock,$8.48,-0.43,-4.83%,1377335550.0,United States,,5195286,Health Care,Biotechnology: Biological Products (No Diagnostic Substances),1.6794707615423347e-08,44.655172413793096,-1.6419919027863703e-08
NVTS,Navitas Semiconductor Corporation Common Stock,$15.63,0.47,3.10%,3330866740.0,United States,,144343743,Technology,Semiconductors,8.72813904380313e-07,8.832876712328767,-3.311421528348398e-07
NXPL,NextPlat Corp Common Stock,$0.73,-0.094,-11.41%,18953027.0,United States,,298979,Telecommunications,Telecommunications Equipment,9.278785322648672e-08,1.2154696132596685,-1.3439218081857057e-07
OBLG,Oblong Inc. Common Stock,$2.66,-0.19,-6.67%,6251817.0,United States,,61260,Technology,Computer Software: Programming Data Processing,5.643994211287989e-06,0.5527210884353742,-1.5519299641862316e-06
OMI,Owens & Minor Inc. Common Stock,$4.59,0.19,4.32%,354550699.0,United States,,1965134,Health Care,Medical Specialities,1.5908431042320974e-09,-0.640748740100792,-3.5968678959333164e-08
ON,ON Semiconductor Corporation Common Stock,$52.97,2.61,5.18%,21663352356.0,United States,,11164721,Technology,Semiconductors,2.161125376747803e-08,2.7129615245197036,2.8595601176278173e-08
ONDS,Ondas Holdings Inc. Common Stock,$8.20,-1.31,-13.78%,1797151508.0,United States,,70659372,Technology,Radio And Television Broadcasting And Communications Equipment,1.35960275954156e-06,17.813211845102508,-2.424218074969967e-07
ONMD,OneMedNet Corp Class A Common Stock,$2.57,-0.2,-7.22%,118465813.0,United Kingdom,2021.0,1399176,Health Care,Biotechnology: Commercial Physical & Biological Resarch,-3.3633093525179857e-06,-22.53012048192771,-2.2911051212938007e-07
OPTX,Syntec Optics Holdings Inc. Class A Common Stock,$2.33,-0.11,-4.51%,86024127.0,United States,2022.0,262654,Technology,Electronic Components,5.396052408601574e-07,12.181208053691275,3.0703023105927966e-06
OS,OneStream Inc. Class A Common Stock,$16.65,-0.65,-3.76%,4043363223.0,United States,2024.0,1287926,Technology,Computer Software: Prepackaged Software,6.889044088223264e-08,9.723577235772359,2.560041097649728e-07
OSCR,Oscar Health Inc. Class A Common Stock,$21.03,0.36,1.74%,5437474740.0,United States,2021.0,18499286,Health Care,Medical Specialities,9.68331882317466e-09,3.9795008912655967,1.44698806113322e-08
OSRH,OSR Holdings Inc. Common Stock,$0.56,-0.0399,-6.65%,12087802.0,United States,2023.0,620245,Health Care,Medical/Dental Instruments,-2.705723632454445e-06,0.17986275437766208,-4.3369033904987523e-07
OTLK,Outlook Therapeutics Inc. Common Stock,$1.34,-0.12,-8.22%,59522169.0,United States,2016.0,2465446,Health Care,Biotechnology: Biological Products (No Diagnostic Substances),-3.963172614794286e-08,-1.8713450292397662,-2.8351634549698787e-08
OVID,Ovid Therapeutics Inc. Common Stock,$1.57,-0.08,-4.85%,111641937.0,United States,2017.0,1951913,Health Care,Biotechnology: Pharmaceutical Preparations,2.6913246128401746e-07,2.2802547770700636,-4.467293917991465e-08
PATH,UiPath Inc. Class A Common Stock,$15.93,-0.76,-4.55%,8459174837.0,United States,2021.0,37932547,Technology,Computer Software: Prepackaged Software,1.3138998549583217e-08,5.207138304652645,4.881386023974022e-08
PAVM,PAVmed Inc. Common Stock,$0.4934,-0.0379,-7.13%,10821700.0,United States,2016.0,395853,Health Care,Medical/Dental Instruments,-0.0,0.0,-0.0
PCRX,Pacira BioSciences Inc. Common Stock,$22.77,-0.68,-2.90%,1023118057.0,United States,2011.0,351492,Health Care,Biotechnology: Pharmaceutical Preparations,5.86670198674052e-08,1.6317099182367578,2.0472334368259145e-07
PDYN,Palladyne AI Corp. Common Stock,$9.01,-0.92,-9.27%,377959355.0,United States,,2027058,Technology,Computer Software: Prepackaged Software,4.092911493792551e-06,7.666916729182296,-4.5551791763237654e-07
PFSA,Profusa Inc. Common Stock,$0.308,-0.0009,-0.29%,10098974.0,United States,,1997204,Health Care,Medical/Dental Instruments,3.5320000000000002e-06,-0.011955589655639302,-1.212912087912088e-07
PGEN,Precigen Inc. Common Stock,$3.49,-0.04,-1.13%,1039925491.0,United States,,4860493,Health Care,Biotechnology: Pharmaceutical Preparations,-9.056904703134789e-08,-38.78048780487804,-7.19695826669483e-08
PHIO,Phio Pharmaceuticals Corp. Common Stock,$2.12,-0.12,-5.36%,12140710.0,United States,,81525,Health Care,Biotechnology: Pharmaceutical Preparations,-8.721092226246866e-07,1.4876425855513307,-4.38436755848158e-07
PL,Planet Labs PBC Class A Common Stock,$13.23,-1.86,-12.33%,4073821330.0,United States,2021.0,18607277,Technology,Radio And Television Broadcasting And Communications Equipment,8.611264315272633e-08,9.406360424028268,1.6055294869784442e-07
PLTR,Palantir Technologies Inc. Class A Common Stock,$178.12,-1.5,-0.84%,422562000000.0,United States,,42870891,Technology,Computer Software: Prepackaged Software,7.499153139364788e-08,82.596,1.1938508401268683e-07
PLUG,Plug Power Inc. Common Stock,$3.48,-0.37,-9.61%,4018845782.0,United States,1999.0,187451264,Energy,Industrial Machinery/Components,-6.927111272682133e-09,2.1160409556313993,-5.136234409308389e-09
PNRG,PrimeEnergy Resources Corporation Common Stock,$156.395,-6.875,-4.21%,257895355.0,United States,,180100,Energy,Oil & Gas Production,8.930368802746019e-07,1.1163897402806904,1.3242441637964026e-06
POAI,Predictive Oncology Inc. Common Stock,$11.00,-2.6,-19.12%,8386554.0,United States,,129039,Health Care,Industrial Specialties,1.3715156048408463e-05,-4.303944315545245,-1.1838175019280909e-06
PPC,Pilgrim's Pride Corporation Common Stock,$37.28,-0.86,-2.26%,8855768824.0,United States,,1272067,Consumer Staples,Meat/Poultry/Fish,1.5913395350534906e-08,2.6497216819797464,2.763371905594185e-08
PRAX,Praxis Precision Medicines Inc. Common Stock,$162.71,105.36,183.71%,3424359027.0,United States,2020.0,13741857,Health Care,Biotechnology: Pharmaceutical Preparations,-1.087547148672368e-06,12.126275244638768,-1.2177744788508583e-06
PRME,Prime Medicine Inc. Common Stock,$5.80,-0.57,-8.95%,780529188.0,United States,2022.0,3293023,Health Care,Biotechnology: Biological Products (No Diagnostic Substances),-3.3923027513114227e-08,10.903225806451612,-5.073246878001921e-08
PRPH,ProPhase Labs Inc. Common Stock (DE),$0.486,0.014,2.97%,20189026.0,United States,,1338185,Health Care,Biotechnology: Pharmaceutical Preparations,4.3773584905660375e-07,2.109090909090909,-5.185979971387696e-08
PRSO,Peraso Inc. Common Stock,$2.32,0.37,18.97%,14316813.0,United States,,3491718,Technology,Semiconductors,2.3594180102241448e-07,3.6072144288577155,-4.1124057573680605e-07
PSNL,Personalis Inc. Common Stock,$10.28,1.75,20.52%,911600197.0,United States,2019.0,3168258,Health Care,Medical Specialities,4.489666640272389e-07,5.267069205759405,-2.5261750946758745e-07
PSTV,PLUS THERAPEUTICS Inc. Common Stock ,$0.6141,-0.0659,-9.69%,60958345.0,United States,,8999651,Health Care,Medical/Dental Instruments,-2.8723584108199493e-07,17.88421052631579,-4.3206815436454956e-08
PUMP,ProPetro Holding Corp. Common Stock,$5.12,-0.14,-2.66%,532313702.0,United States,2017.0,1695870,Energy,Oilfield Services/Equipment,3.6233437425157164e-08,1.3818273345079286,5.8272212964240604e-08
PXLW,Pixelworks Inc.  Common Stock,$7.54,-0.265,-3.40%,40228290.0,United States,2000.0,885450,Technology,Semiconductors,4.90847615716451e-07,-1.9962067330488382,-3.41125470971924e-07
PYXS,Pyxis Oncology Inc. Common Stock,$3.35,-0.31,-8.47%,207760752.0,United States,2021.0,688955,Health Care,Biotechnology: Pharmaceutical Preparations,1.5780141843971631e-06,3.1493276716206653,-6.033652868357898e-08
QLGN,Qualigen Therapeutics Inc. Common Stock,$3.73,-0.23,-5.81%,6324029.0,United States,2015.0,96627,Health Care,Biotechnology: Pharmaceutical Preparations,3.4707274817379335e-06,-1.332842415316642,-5.357492764424827e-07
QMCO,Quantum Corporation Common Stock,$11.18,-1.26,-10.13%,148909204.0,United States,,1457257,Technology,Electronic Components,1.0996615696720923e-07,-1.3507219375873312,-3.004558640696229e-07
QUBT,Quantum Computing Inc. Common Stock,$18.74,-2.49,-11.73%,2996210924.0,United States,,49847962,Technology,Computer Software: Prepackaged Software,0.0002475609756097561,8.094098883572569,-1.0749271908922425e-06
RANI,Rani Therapeutics Holdings Inc. Class A Common Stock,$0.4709,-0.0195,-3.98%,33842918.0,United States,2021.0,274253,Health Care,Biotechnology: Pharmaceutical Preparations,1.9166666666666664e-06,-16.197183098591548,-7.416962270235407e-08
RBLX,Roblox Corporation Class A Common Stock,$134.49,-4.07,-2.94%,93234741824.0,United States,2021.0,6151943,Technology,Computer Software: Prepackaged Software,9.488727239275745e-08,188.15834767641996,7.95719472951757e-08
RCAT,Red Cat Holdings Inc. Common Stock,$12.86,-1.81,-12.34%,1282968332.0,United States,,11590485,Technology,Computer Software: Prepackaged Software,-3.5013691251066124e-06,14.07216494845361,-2.5771952095661864e-07
RCUS,Arcus Biosciences Inc. Common Stock,$16.60,-0.3,-1.78%,1766754202.0,United States,2018.0,1787905,Health Care,Biotechnology: Pharmaceutical Preparations,-7.600760456273764e-08,4.910341439449766,-4.3268398268398266e-08
RDDT,Reddit Inc. Class A Common Stock,$198.97,-1.79,-0.89%,37238465334.0,United States,2024.0,3036135,Technology,EDP Services,1.2063228359504277e-07,15.202756619513965,4.0767218787775376e-07
REKR,Rekor Systems Inc. Common Stock,$2.60,-0.02,-0.76%,328468488.0,United States,,13730443,Telecommunications,Telecommunications Equipment,1.448553709655516e-07,11.03448275862069,-1.0569078838722463e-07
RGNX,REGENXBIO Inc. Common Stock,$12.34,0.04,0.33%,623345425.0,United States,2015.0,742307,Health Care,Biotechnology: Biological Products (No Diagnostic Substances),1.1679332253643951e-07,3.5369016741334596,-1.7067564799854356e-07
RGTI,Rigetti Computing Inc. Common Stock,$47.97,-8.37,-14.86%,15550203205.0,United States,,138635869,Technology,EDP Services,1.586936236391913e-05,29.853715623171446,-9.484858061757543e-07
RIGL,Rigel Pharmaceuticals Inc. Common Stock,$28.11,0.0,0.00%,504218627.0,United States,2000.0,342710,Health Care,Biotechnology: Pharmaceutical Preparations,1.5837665631416218e-07,7.690455341506131,5.336797010299882e-07
RKDA,Arcadia Biosciences Inc. Common Stock,$5.19,-0.26,-4.77%,7094938.0,United States,2015.0,423996,Consumer Staples,Farming/Seeds/Milling,1.7991631799163181e-06,1.167068757539204,-5.104194144025323e-07
RNA,Avidity Biosciences Inc. Common Stock,$48.78,-1.69,-3.35%,6275709779.0,United States,2020.0,1716100,Health Care,Biotechnology: Pharmaceutical Preparations,-1.7477802140511881e-07,7.074430379746835,-1.425769593935595e-07
ROKU,Roku Inc. Class A Common Stock,$95.33,-3.25,-3.30%,14045029244.0,United States,2017.0,2643394,Telecommunications,Cable & Other Pay Television Services,5.70806408387138e-08,6.361794337817302,2.4822118763176386e-07
RUM,Rumble Inc. Class A Common Stock,$7.50,-0.5,-6.25%,3260016195.0,United States,2021.0,3202142,Technology,Computer Software: Programming Data Processing,-3.573004932963947e-07,9.039913700107876,-1.3561067786178665e-07
RXRX,Recursion Pharmaceuticals Inc. Class A Common Stock,$6.36,-0.43,-6.33%,2761203763.0,United States,2021.0,229692510,Health Care,Biotechnology: Biological Products (No Diagnostic Substances),-1.6425627049235393e-08,3.352165725047081,-1.85886215246379e-08
RZLV,Rezolve AI PLC Ordinary Shares,$5.04,-0.42,-7.69%,1228103725.0,United Kingdom,,29918047,Technology,Computer Software: Programming Data Processing,1.074731292527068e-06,-99.0909090909091,-1.4910077187691335e-07
SABS,SAB Biotherapeutics Inc. Common Stock,$2.17,-0.18,-7.66%,22592002.0,United States,2021.0,144838,Health Care,Biotechnology: Biological Products (No Diagnostic Substances),-1.3623480831995634e-07,3.163186388244393,-1.3290880506210318e-07
SAVA,Cassava Sciences Inc. Common Stock,$4.52,-0.12,-2.59%,218351690.0,United States,,4186475,Health Care,Biotechnology: Pharmaceutical Preparations,-6.931283779041202e-08,2.169137836353652,-4.121280414006093e-08
SCLX,Scilex Holding Company Common Stock,$13.305,-1.025,-7.15%,92545549.0,United States,2021.0,129490,Health Care,Biotechnology: Biological Products (No Diagnostic Substances),5.366151473281707e-07,-0.36871853749006445,8.066074188562596e-07
SCNX,Scienture Holdings Inc. Common Stock,$0.5899,-0.1263,-17.64%,9515783.0,United States,,108812409,Health Care,Other Pharmaceuticals,0.0001381926568215689,0.2113113735239279,-7.675968761817323e-08
SCYX,SCYNEXIS Inc. Common Stock,$0.80,-0.01,-1.24%,33539953.0,United States,2014.0,555740,Health Care,Biotechnology: Pharmaceutical Preparations,2.514583972981271e-07,0.7215859030837004,-3.398058252427184e-08
SEGG,Lottery.com Inc. Common Stock,$4.01,-0.46,-10.29%,15800503.0,United States,2023.0,95517,Technology,Computer Software: Prepackaged Software,8.162919381134736e-06,0.5986261040235525,-1.5799097638423407e-06
SENEA,Seneca Foods Corp. Class A Common Stock,$120.15,1.37,1.15%,824675838.0,United States,,65089,Consumer Staples,Packaged Foods,9.000743847187943e-07,1.4325456464042465,3.9664854643890353e-07
SFM,Sprouts Farmers Market Inc. Common Stock,$111.55,-2.57,-2.25%,10901354152.0,United States,2013.0,2278356,Consumer Staples,Food Chains,2.4711526052637997e-08,5.674206915291081,1.1893201539023848e-07
SHLS,Shoals Technologies Group Inc. Class A Common Stock,$10.13,-0.72,-6.64%,1734976101.0,United States,2021.0,10437908,Technology,Semiconductors,1.0044328475485909e-07,3.941244909831297,4.31199083503055e-07
SIDU,Sidus Space Inc. Class A Common Stock,$1.24,-0.13,-9.49%,31430879.0,United States,2021.0,1778388,Telecommunications,Telecommunications Equipment,-4.216660321879656e-07,1.815856777493606,-8.81968787869923e-08
SINT,SiNtx Technologies Inc. Common Stock,$4.07,-0.23,-5.35%,11228581.0,United States,2014.0,251788,Health Care,Medical/Dental Instruments,3.578219533275713e-06,2.6369426751592355,-5.59157212317666e-07
SKIL,Skillsoft Corp. Class A Common Stock,$14.87,0.97,6.98%,129510384.0,United States,2019.0,91349,Technology,Computer Software: Prepackaged Software,3.356116727376908e-08,2.680286006128703,3.286408496568308e-07
SKYT,SkyWater Technology Inc. Common Stock,$16.59,-1.89,-10.23%,799236771.0,United States,2021.0,2413734,Technology,Semiconductors,3.329829334652486e-07,22.93929712460064,3.198835706966452e-07
SLDB,Solid Biosciences Inc. Common Stock,$6.16,-0.16,-2.53%,479673477.0,United States,2018.0,916760,Health Care,Biotechnology: Biological Products (No Diagnostic Substances),-7.072414472524395e-08,2.0492788461538463,-5.562125351710639e-08
SLNH,Soluna Holdings Inc. Common Stock,$4.19,-0.1,-2.33%,126311564.0,United States,,36284808,Technology,EDP Services,3.1695832454845734e-07,-4.417238001958864,-1.5719762983617984e-06
SLNO,Soleno Therapeutics Inc. Common Stock,$68.00,0.33,0.49%,3613860612.0,United States,2014.0,1967744,Health Care,Biotechnology: Electromedical & Electrotherapeutic Apparatus,2.6679390507180623e-06,17.910102919554713,-1.0117825741305457e-06
SM,SM Energy Company Common Stock,$21.79,-0.32,-1.45%,2504847050.0,United States,,3168083,Energy,Oil & Gas Production,8.186805330439662e-09,0.48100696785794567,9.240689883077005e-09
SMCI,Super Micro Computer Inc. Common Stock,$53.84,-0.1,-0.19%,31995674903.0,United States,2020.0,24656551,Technology,Computer Manufacturing,2.337523545117444e-08,5.355459174052423,3.422668252779341e-08
SMLR,Semler Scientific Inc. Common Stock,$26.33,-0.47,-1.75%,389807567.0,United States,,1673099,Health Care,Biotechnology: Electromedical & Electrotherapeutic Apparatus,8.634070127807801e-07,1.203498750446269,2.7054574638844304e-06
SMTK,SmartKem Inc. Common Stock,$2.34,-0.37,-13.65%,10634107.0,United Kingdom,,236584,Technology,Semiconductors,3.867647058823529e-05,-90.68965517241378,-2.679572083545593e-07
SNAP,Snap Inc. Class A Common Stock,$7.76,-0.15,-1.90%,13113100712.0,United States,2017.0,50038572,Technology,Computer Software: Programming Data Processing,2.5901912775455045e-09,6.390243902439025,1.3399043789684353e-08
SNDK,Sandisk Corporation Common Stock,$144.27,-0.03,-0.02%,21035366410.0,United States,,6289641,Technology,Electronic Components,9.353526220614828e-08,3.2727502807700217,2.4630952380952383e-06
SNDX,Syndax Pharmaceuticals Inc. Common Stock,$15.05,0.01,0.07%,1296435023.0,United States,2016.0,3739016,Health Care,Biotechnology: Pharmaceutical Preparations,-7.453349153273649e-08,7.556041552761072,-4.566074145748981e-08
SNWV,SANUWAVE Health Inc. Common Stock,$35.00,1.7,5.11%,299880175.0,United States,,356099,Health Care,Medical/Dental Instruments,1.1901477832512315e-06,-21.020881670533644,2.417611741160774e-05
SOC,Sable Offshore Corp. Common Stock,$13.12,-1.01,-7.15%,1305535120.0,United States,2021.0,7653222,Energy,Oil & Gas Production,-6.433942461144738e-08,1.9982138870283543,-4.2208619047169894e-08
SONN,Sonnet BioTherapeutics Holdings Inc. Common Stock,$3.73,-0.22,-5.57%,25193733.0,United States,,404987,Health Care,Biotechnology: Pharmaceutical Preparations,-7.400391126305654e-06,-6.214442013129102,-5.508832850954841e-07
SOUN,SoundHound AI Inc Class A Common Stock,$20.76,-0.64,-2.99%,8463567546.0,United States,,42602986,Technology,Computer Software: Prepackaged Software,3.6089152599658257e-07,21.668545659526494,-1.7142347484837672e-07
SPRB,Spruce Biosciences Inc. Common Stock,$156.61,-2.45,-1.54%,88178008.0,United States,2020.0,118507,Health Care,Biotechnology: Pharmaceutical Preparations,-2.934850051706308e-06,4.849416890939382,-2.2061995918763967e-06
SPSC,SPS Commerce Inc. Common Stock,$107.17,-2.18,-1.99%,4062682024.0,United States,2010.0,722841,Technology,Computer Software: Prepackaged Software,2.1257129246356811e-07,4.17801211930432,6.120555270977468e-07
SRPT,Sarepta Therapeutics Inc. Common Stock (DE),$23.34,1.14,5.14%,2280631643.0,United States,,6055539,Health Care,Biotechnology: Pharmaceutical Preparations,4.5015554997626916e-08,1.8311379831569856,-8.45876871608978e-08
SSKN,Strata Skin Sciences Inc. Common Stock,$2.08,0.08,4.00%,8676015.0,United States,2005.0,693733,Health Care,Medical/Dental Instruments,1.1426465167711021e-07,29.324324324324326,-1.0382775119617224e-06
SSTK,Shutterstock Inc. Common Stock,$25.04,-1.37,-5.19%,888272190.0,United States,2012.0,389030,Technology,EDP Services,3.8157207887367206e-08,1.3479019926554692,4.61992406734896e-07
STIM,Neuronetics Inc. Common Stock,$2.88,-0.16,-5.26%,190439482.0,United States,2018.0,1050016,Health Care,Medical/Dental Instruments,5.238926813779965e-08,8.02919708029197,-9.562445667922341e-08
STOK,Stoke Therapeutics Inc. Common Stock,$34.17,-1.43,-4.02%,1872427773.0,United States,2019.0,3410791,Health Care,Biotechnology: Pharmaceutical Preparations,1.682400151376993e-07,5.494200294069596,5.459681477994059e-07
STSS,Sharps Technology Inc. Common Stock,$5.06,-0.52,-9.32%,5177463.0,United States,2022.0,304310,Health Care,Medical/Dental Instruments,-5.242110913764853e-06,0.3807178043631245,-6.974527375857925e-07
TAIT,Taitron Components Incorporated Class A Common Stock,$2.54,0.01,0.40%,15293797.0,United States,1995.0,33188,Technology,Electronic Components,0.0,0.0,0.0
TAOX,Tao Synergies Inc. Common Stock,$7.74,-1.6,-17.13%,26990518.0,United States,,844944,Health Care,Biotechnology: Pharmaceutical Preparations,0.0020949015648662295,1.2053441765901831,-1.677248488000904e-06
TCMD,Tactile Systems Technology Inc. Common Stock,$14.69,0.04,0.27%,327471610.0,United States,2016.0,168077,Health Care,Medical/Dental Instruments,7.74759819082028e-08,1.9784995425434586,4.142422718674425e-07
TCRX,TScan Therapeutics Inc. Common Stock,$2.48,0.25,11.21%,140735023.0,United States,2021.0,1014523,Health Care,Biotechnology: Biological Products (No Diagnostic Substances),-1.7263501691356584e-07,0.4752729608220938,-1.1728996774525887e-08
TDOC,Teladoc Health Inc. Common Stock,$9.02,0.08,0.90%,1593749771.0,United States,2015.0,11456877,Health Care,Medical/Nursing Services,4.487948796692982e-09,1.0089171974522293,2.7075350207347953e-08
TEM,Tempus AI Inc. Class A Common Stock,$91.02,-0.89,-0.97%,15812682329.0,United States,2024.0,6656893,Technology,Computer Software: Programming Data Processing,1.6336731456500436e-07,52.94282511210763,-1.814705938862951e-06
TGTX,TG Therapeutics Inc. Common Stock,$34.87,-0.18,-0.51%,5532669925.0,United States,,1901328,Health Care,Biotechnology: Pharmaceutical Preparations,9.628997609293631e-08,19.97898055701524,-6.430443974630022e-07
TIVC,Tivic Health Systems Inc. Common Stock,$2.95,-0.04,-1.34%,3194936.0,United States,2021.0,29006,Health Care,Biotechnology: Electromedical & Electrotherapeutic Apparatus,-3.6043956043956045e-05,0.8593135970657584,-5.97667638483965e-07
TKNO,Alpha Teknova Inc. Common Stock,$5.26,-0.13,-2.41%,281489778.0,United States,2021.0,128599,Health Care,Biotechnology: In Vitro & In Vivo Diagnostic Substances,6.76512107720708e-07,4.384236453201971,-6.772475269050984e-07
TLPH,Talphera Inc. Common Stock,$1.16,0.05,4.51%,23806280.0,United States,2011.0,756307,Health Care,Biotechnology: Pharmaceutical Preparations,-2.2598870056497177e-07,4.2105263157894735,-1.171605789110958e-07
TLRY,Tilray Brands Inc. Common Stock ,$1.54,-0.14,-8.33%,1722168385.0,United States,2018.0,82809526,Health Care, Medicinal Chemicals and Botanical Products ,5.630442761335959e-09,0.9768451519536905,-2.2265103161644652e-08
TMDX,TransMedics Group Inc. Common Stock,$115.68,3.07,2.73%,3943572382.0,United States,2019.0,863198,Health Care,Biotechnology: Electromedical & Electrotherapeutic Apparatus,4.649316902782722e-07,15.258098625396519,8.91791673689533e-07
TNGX,Tango Therapeutics Inc.,$9.17,-0.35,-3.68%,1020256465.0,United States,2020.0,2007569,Health Care,Biotechnology: Pharmaceutical Preparations,-8.952136386332833e-08,8.249794576828265,-6.772207335957172e-08
TNXP,Tonix Pharmaceuticals Holding Corp. Common Stock,$18.81,-0.69,-3.54%,164886504.0,United States,,856986,Health Care,Biotechnology: Pharmaceutical Preparations,8.20361362056984e-06,1.0605039752054979,-3.641102354918804e-07
TRAW,Traws Pharma Inc. Common Stock,$2.67,-0.16,-5.65%,18860423.0,United States,2013.0,220856,Health Care,Biotechnology: Pharmaceutical Preparations,1.1264209438511885e-06,2.797262617621899,-1.214169018268231e-07
TRNR,Interactive Strength Inc. Common Stock,$3.06,-0.17,-5.26%,4733878.0,United States,2023.0,55649,Technology,Consumer Electronics/Appliances,-2.734113712374582e-06,0.2831659161759612,-2.1240662552776875e-07
TRT,Trio-Tech International Common Stock,$7.40,-0.74,-9.09%,31914757.0,United States,1998.0,51536,Technology,Industrial Machinery/Components,8.366141732283464e-07,0.9695817490494297,2.0619946091644206e-05
TSHA,Taysha Gene Therapies Inc. Common Stock,$5.08,-0.26,-4.87%,1385798016.0,United States,2020.0,4729001,Health Care,Biotechnology: Biological Products (No Diagnostic Substances),6.359594961718944e-07,5.646929824561404,-6.270928462709286e-08
TTD,The Trade Desk Inc. Class A Common Stock,$49.90,-1.2,-2.35%,24398249163.0,United States,2016.0,8541309,Technology,Computer Software: Programming Data Processing,2.283126435666756e-08,8.826094857350537,5.227240150824852e-08
TTMI,TTM Technologies Inc. Common Stock,$58.45,0.24,0.41%,6038660865.0,United States,2000.0,1548607,Technology,Electrical Products,1.5182498972327266e-07,5.185230171261994,2.710424425671921e-07
TVTX,Travere Therapeutics Inc. Common Stock,$27.51,0.66,2.46%,2452204894.0,United States,,2296203,Health Care,Biotechnology: Pharmaceutical Preparations,2.070801069466095e-07,54.23357664233577,-7.605691473026922e-07
TWLO,Twilio Inc. Class A Common Stock,$106.23,-1.63,-1.51%,16299251965.0,United States,2016.0,2124046,Technology,Computer Software: Prepackaged Software,5.579150322561104e-08,2.597457627118644,1.6052182548343282e-07
TYGO,Tigo Energy Inc. Common Stock,$2.40,-0.14,-5.51%,157776137.0,United States,2021.0,475211,Technology,Semiconductors,1.2259954432027773e-07,12.282608695652174,2.3234296288680988e-07
U,Unity Software Inc. Common Stock,$34.72,-2.69,-7.19%,14669821071.0,United States,2020.0,13005177,Technology,Computer Software: Prepackaged Software,2.858103304155946e-08,4.991425933254188,9.940316072629456e-08
UI,Ubiquiti Inc. Common Stock,$754.00,3.78,0.50%,45616029602.0,United States,,188489,Technology,Radio And Television Broadcasting And Communications Equipment,7.148232846732552e-07,72.30741377749615,1.2480410826663114e-06
ULY,Urgent.ly Inc. Common Stock,$3.18,-0.07,-2.15%,4437773.0,United States,,53284,Technology,EDP Services,9.025974025974026e-08,-0.08637832463335819,-2.162246247180524e-07
UMAC,Unusual Machines Inc. Common Stock,$12.75,-1.51,-10.59%,388081772.0,United States,2024.0,4103449,Technology,Radio And Television Broadcasting And Communications Equipment,6.226810919634943e-06,6.890093642188271,-2.462622047760071e-06
UPXI,Upexi Inc. Common Stock,$5.61,-0.41,-6.81%,330365921.0,United States,2021.0,3546535,Health Care, Medicinal Chemicals and Botanical Products ,4.803073967339097e-07,2.21750212404418,-6.197285968655979e-07
USEG,U.S. Energy Corp. Common Stock (DE),$1.19,-0.03,-2.46%,40488023.0,United States,,491263,Energy,Oil & Gas Production,3.5240274599542334e-07,1.8734793187347933,-8.257372654155497e-07
UUU,Universal Safety Products Inc. Common Stock,$5.13,-0.57,-10.00%,11865110.0,United States,2003.0,117352,Technology,Electronic Components,7.611253222356084e-07,1.625207296849088,1.6887199709402312e-06
VELO,Velo3D Inc. Common stock,$5.79,-0.82,-12.41%,115226118.0,United States,,926422,Technology,Industrial Machinery/Components,2.4305555555555557e-06,4.343566296538211,-3.7464788732394367e-07
VERI,Veritone Inc. Common Stock,$6.50,-1.89,-22.53%,359266765.0,United States,2017.0,26753754,Technology,EDP Services,1.3030425963488842e-07,308.8461538461538,-3.6156513125309556e-07
VERX,Vertex Inc. Class A Common Stock,$24.38,-0.33,-1.34%,3887981289.0,United States,2020.0,1274385,Technology,Computer Software: Prepackaged Software,5.426133255508811e-08,16.105398457583547,1.7483274659482179e-07
VITL,Vital Farms Inc. Common Stock,$40.37,1.07,2.72%,1803973013.0,United States,2020.0,997365,Consumer Staples,Packaged Foods,1.2990263948595737e-07,4.638119953863899,1.0996410869936764e-06
VIVS,VivoSim Labs Inc. Common Stock,$2.61,-0.26,-9.06%,6785470.0,United States,,28215,Health Care,Biotechnology: Biological Products (No Diagnostic Substances),-5.786989534167863e-07,0.7686017988552739,-2.706853522749088e-07
VRAX,Virax Biolabs Group Limited Ordinary Shares,$0.6151,-0.0251,-3.92%,2670737.0,United Kingdom,2022.0,924171,Health Care,Biotechnology: In Vitro & In Vivo Diagnostic Substances,-1.2030075187969925e-05,0.48658536585365847,-1.3989029655691062e-07
VRCA,Verrica Pharmaceuticals Inc. Common Stock,$4.23,0.13,3.17%,39955599.0,United States,2018.0,140673,Health Care,Biotechnology: Pharmaceutical Preparations,9.361277445109781e-07,-2.4827951296982533,-9.906427560568617e-08
VRME,VerifyMe Inc. Common Stock,$1.03,-0.03,-2.83%,12693376.0,United States,,630139,Technology,EDP Services,1.6772622751251182e-07,1.0589239965841162,1.4335260115606936e-06
VRNS,Varonis Systems Inc. Common Stock,$60.29,-0.27,-0.45%,6755320202.0,United States,2014.0,857603,Technology,Computer Software: Prepackaged Software,9.111135442137069e-08,8.653021442495128,3.019296727368021e-07
VSEE,VSee Health Inc. Common Stock,$0.5179,-0.0833,-13.86%,8816051.0,United States,2021.0,54051650,Health Care,Medical/Nursing Services,1.346597316904846e-07,-3.32378223495702,-2.9289808005308525e-07
VSTM,Verastem Inc. Common Stock,$9.51,0.11,1.17%,585295518.0,United States,2012.0,2338158,Health Care,Biotechnology: Pharmaceutical Preparations,6.553051126992853e-06,20.341296928327647,-9.914083487894339e-08
VTGN,Vistagen Therapeutics Inc. Common Stock,$4.05,0.05,1.25%,124255908.0,United States,,632509,Health Care,Biotechnology: Pharmaceutical Preparations,8.374613003095975e-06,2.790097988653945,-1.0804010065103647e-07
VVOS,Vivos Therapeutics Inc. Common Stock,$2.89,-0.26,-8.25%,21688892.0,United States,2020.0,671450,Health Care,Medical/Dental Instruments,4.038772213247173e-07,5.1916932907348246,-2.254283137962128e-07
VYNE,VYNE Therapeutics Inc. Common Stock,$0.3609,-0.0177,-4.68%,9192904.0,United States,2018.0,1694703,Health Care,Biotechnology: Pharmaceutical Preparations,7.357142857142858e-07,0.17812817904374365,-8.80496819450381e-09
WDC,Western Digital Corporation Common Stock,$125.92,5.48,4.55%,43684434106.0,United States,,13878591,Technology,Electronic Components,3.619499205360552e-08,8.647188661710038,6.392013915452507e-08
WGRX,Wellgistics Health Inc. Common Stock,$0.5114,-0.0694,-11.95%,42990381.0,United States,2025.0,929596,Health Care,Other Pharmaceuticals,2.2760387627323917e-07,48.25714285714285,-1.3477946620069732e-07
WOLF,Wolfspeed Inc. Common Stock New,$32.44,0.01,0.03%,5075951648.0,United States,2025.0,3215684,Technology,Semiconductors,-3.10171568627451e-07,-0.030558885922749166,-4.4094076655052263e-08
WULF,TeraWulf Inc. Common Stock,$13.86,-1.61,-10.41%,5432099530.0,United States,,39052969,Technology,EDP Services,3.1303439103173095e-07,46.73758865248227,-3.190150390498935e-07
XAIR,Beyond Air Inc. Common Stock,$2.47,-0.11,-4.26%,12908746.0,United States,,174965,Health Care,Medical/Dental Instruments,-2.163543441226576e-06,1.2009456264775413,-7.80002456700651e-08
XFOR,X4 Pharmaceuticals Inc. Common Stock,$2.97,0.11,3.85%,33882820.0,United States,2017.0,394248,Health Care,Biotechnology: Biological Products (No Diagnostic Substances),1.8711171561960078e-07,10.200400801603205,-4.657078026643244e-08
XGN,Exagen Inc. Common Stock,$11.77,-0.15,-1.26%,258982855.0,United States,2019.0,210508,Health Care,Medical Specialities,4.317246111619396e-07,15.794979079497908,-9.824972346932135e-07
XLO,Xilio Therapeutics Inc. Common Stock,$0.758,-0.032,-4.05%,39285556.0,United States,2021.0,264046,Health Care,Biotechnology: Pharmaceutical Preparations,8.063896782121189e-08,7.720588235294118,-7.878151260504201e-08
XRX,Xerox Holdings Corporation Common Stock,$3.12,-0.18,-5.46%,392587722.0,United States,,4463441,Technology,Computer peripheral equipment,2.017543859649123e-09,1.2907751666082077,8.975609756097561e-09
XTIA,XTI Aerospace Inc. Common Stock,$1.45,-0.06,-3.97%,29367308.0,United States,2014.0,843885,Technology,EDP Services,9.511297950604309e-07,2.615606936416185,-5.013850415512466e-08
XTNT,Xtant Medical Holdings Inc. Common Stock,$0.708,-0.064,-8.29%,92263531.0,United States,,386915,Health Care,Biotechnology: Biological Products (No Diagnostic Substances),1.0797694479501424e-08,2.384770114942529,5.528980679546969e-07
XXII,22nd Century Group Inc. Common Stock,$1.48,-0.07,-4.52%,5432230.0,United States,,221421,Health Care, Medicinal Chemicals and Botanical Products ,-6.029173419773096e-07,0.1515274949083503,-1.3449996384409575e-07
YDES,YD Bio Limited Ordinary Shares,$18.865,-0.005,-0.03%,1326583480.0,United States,,43025,Health Care,Medical Specialities,7.273616725456372e-05,2.472106760008751,-6.151943197420757e-06
ZETA,Zeta Global Holdings Corp. Class A Common Stock,$18.23,-0.34,-1.83%,4339483456.0,United States,2021.0,7342154,Technology,Computer Software: Prepackaged Software,2.539232232115348e-08,6.301128349788435,1.1534018525892795e-07
ZIMV,ZimVie Inc. Common Stock,$18.99,0.0,0.00%,535535870.0,United States,,219905,Health Care,Medical/Dental Instruments,0.0,0.0,0.0
ZSPC,zSpace Inc. Common stock,$1.13,-0.07,-5.83%,26951368.0,United States,2024.0,458981,Technology,Computer Software: Prepackaged Software,5.947329468360676e-08,-1.0044791666666668,-6.536297702162272e-08
ZVRA,Zevra Therapeutics Inc. Common Stock,$11.38,-0.4,-3.40%,638817336.0,United States,,2055002,Health Care,Biotechnology: Pharmaceutical Preparations,2.78755013780895e-07,5.845864661654135,-2.6918249880988445e-07
